cDicCode,cDicDesc
MED1,Amikacine 1g (Sol. injectable)
MED10,Griséofulvine 250mg (Comprimé)
MED100,"Bethamétazone dipropionate 0,05%, 30g (Crème)"
MED1000,Céfotaxime
MED1001,Ceftriaxone
MED1002,Ceftriaxone (IM)
MED1003,Chlorpromazine
MED1004,Chloramphénicol
MED1005,Cimétidine
MED1006,Clonidine
MED1007,Dexaméthasone
MED1008,Diazépam
MED1009,Diclofénac
MED101,"Cefalexine 125mg/5ml, 100ml* (Poudre pour sp orale"
MED1010,Digoxine
MED1011,Ephédrine
MED1012,Adrénaline (Epinéphrine)
MED1013,Méthylergométrine maléate
MED1014,Etamsylate
MED1015,Fentanyl
MED1016,Furosémide
MED1017,Gentamycine
MED1018,Gentamycine
MED1019,Hydrocortisone succinate sodique
MED102,"Calamine 5%, 100ml (Lotion)"
MED1020,Hyoscine butylbromure (Butylscopolamine)
MED1021,"Insuline isophane (NPH), humaine"
MED1022,"Insuline rapide (Actrapid), humaine"
MED1023,Kétamine
MED1024,Lidocaïne
MED1025,"Lidocaïne (hyperbare, rachianesthésie)"
MED1026,Magnésium sulfate
MED1027,Magnésium sulfate
MED1028,Médroxyprogestérone acétate
MED1029,Métronidazole
MED103,"Clindamycine 1% + peroxyde de benzoyle 5%, 30g (Ge"
MED1030,Morphine chlorhydrate
MED1031,Oxytocine
MED1032,Benzathine benzylpénicilline
MED1033,Pénicilline Procaïne / Benzylpénicilline
MED1034,Péthidine chlorhydrate
MED1035,Phénobarbital sodique
MED1036,Phloroglucinol + Triméthylphloroglucinol
MED1037,Prométhazine chlorhydrate
MED1038,Quinine dichlorhydrate
MED1039,Quinine dichlorhydrate
MED104,"Clobetazole butyrate 0,05%, 15g*  (Crème)"
MED1040,Salbutamol
MED1041,Streptomycine
MED1042,Thiopental sodique
MED1043,Eau ppi
MED1044,Eau ppi
MED1045,Acyclovir
MED1046,Acétylsalicylique acide
MED1047,Acétylsalicylique acide
MED1048,Acétylsalicylique acide
MED1049,Albendazole
MED105,"Clotrimazole 1% + betaméthazone 0,05% + néomycine "
MED1050,Arthéméther/Luméfantrine <1 an
MED1051,Arthéméther/Luméfantrine 1-5 ans
MED1052,Arthéméther/Luméfantrine 6-13 ans
MED1053,Arthéméther/Luméfantrine >13 ans
MED1054,Aluminium hydroxyde (ou Magnésium hydroxyde)
MED1055,Aminophylline
MED1056,Amoxycilline
MED1057,Amoxycilline
MED1058,Amoxycilline
MED1059,Amoxycilline
MED106,Diable vert 10g (Solution)
MED1060,Amoxycilline
MED1061,Atovaquone/Proguanil
MED1062,Atovaquone/Proguanil
MED1063,Artésunate/Amodiaquine (coformulation) <1 an
MED1064,Artésunate/Amodiaquine (coformulation) 1-5 ans
MED1065,Artésunate/Amodiaquine (coformulation) 6-13 ans
MED1066,Artésunate/Amodiaquine (coformulation) >13 ans
MED1067,Artésunate+Sufadoxine/Pyriméthamine 1-6 ans
MED1068,Artésunate+Sufadoxine/Pyriméthamine 7-13 ans
MED1069,Artésunate+Sufadoxine/Pyriméthamine >13 ans
MED107,"Dimethindene (fenistil) 0,1%, 20g  (Gel)"
MED1070,Artésunate+Sufadoxine/Pyriméthamine >13 ans
MED1071,Azythromycine
MED1072,Charbon activé
MED1073,Chloramphénicol
MED1074,Chlorphéniramine
MED1075,Chloroquine chlorhydrate (éq. base)
MED1076,Chloroquine chlorhydrate (éq. base)
MED1077,Ciprofloxacine
MED1078,Cloxacilline sodique
MED1079,Cloxacilline sodique
MED108,Erythromycine 2% 30g  (Crème)
MED1080,Cotrimoxazole
MED1081,Cotrimoxazole
MED1082,Cotrimoxazole
MED1083,Cotrimoxazole
MED1084,Cyclosérine
MED1085,Diazépam
MED1086,Digoxine
MED1087,Doxycycline
MED1088,Erythromycine
MED1089,Erythromycine stéarate (éq. base)
MED109,"Fucidique acide 2%, 15g  (Crème)"
MED1090,Erythromycine stéarate (éq. base)
MED1091,Ethambutol
MED1092,Ethambutol
MED1093,Ethinylestradiol + Lévonorgestrel
MED1094,Ethionamide
MED1095,Fer fumarate (éq. Fer)/Folique acide
MED1096,Fer fumarate ou sulfate (éq. Fer)
MED1097,Fluconazole
MED1098,Fluconazole
MED1099,Fluconazole
MED11,Griséofulvine 500mg (Comprimé)
MED110,"Huile d’amande douce, 100ml (Sol. huileuse)"
MED1100,Fluconazole
MED1101,Folique acide
MED1102,Furosémide
MED1103,Glibenclamide
MED1104,Griséofulvine
MED1105,Griséofulvine
MED1106,Griséofulvine
MED1107,Halothane
MED1108,Hyoscine butylbromure (Butylscopolamine)
MED1109,Ibuprofène
MED111,"Huile d’olive, 100ml (Sol. huile)"
MED1110,Ibuprofène
MED1111,Indométhacine
MED1112,Isoniazide
MED1113,Isoniazide
MED1114,Isoniazide
MED1115,Lévonorgestrel
MED1116,Lévonorgestrel
MED1117,Mébendazole
MED1118,Méfloquine chlorhydrate (éq. base)
MED1119,Métronidazole
MED112,Amikacine 250mg (Sol. injectable)
MED1120,Méthyldopa
MED1121,Moxifloxacine chlorhydrate
MED1122,Niclosamide
MED1123,Nifédipine
MED1124,Nifédipine
MED1125,Nystatine
MED1126,Sels de réhydratation orale
MED1127,Paracétamol
MED1128,Paracétamol
MED1129,Paracétamol
MED113,"Cefalexine 250mg/5ml, 100ml (Poudre pour sp orale)"
MED1130,Paracétamol
MED1131,Huile de paraffine
MED1132,Para-aminosalicylique acide (granules à libération
MED1133,Para-aminosalicylate sodique (granules à libératio
MED1134,Para-aminosalicylate sodique (granules à libératio
MED1135,Phénoxyméthylpénicilline
MED1136,Phénobarbital
MED1137,Phloroglucinol
MED1138,Praziquantel
MED1139,Praziquantel
MED114,"Huile essentiel de romarin, 100ml (Sol. huile)"
MED1140,Primaquine diphosphate (éq. base)
MED1141,Prométhazine
MED1142,Prothionamide
MED1143,Pyrazinamide
MED1144,Quinine sulfate
MED1145,Quinine sulfate
MED1146,Quinine sulfate
MED1147,Quinine sulfate
MED1148,Ranitidine
MED1149,Ranitidine
MED115,"Huile essentielle d’eucalyptus, 100ml (Sol. huile)"
MED1150,Rifampicine/Isoniazide/Ethambutol
MED1151,Rifampicine/Isoniazide
MED1152,Rifampicine/Isoniazide
MED1153,Rifampicine/Isoniazide
MED1154,Rifampicine/Isoniazide
MED1155,Rifampicine/Isoniazide/Pyrazinamide/Ethambutol
MED1156,Rifampicine/Isoniazide/Pyrazinamide
MED1157,Rifampicine/Isoniazide/Pyrazinamide
MED1158,Rifampicine
MED1159,Rifampicine
MED116,"Huile essentielle de lemon gras (citronelle), 100m"
MED1160,Rifampicine
MED1161,Rifabutine
MED1162,Salbutamol sulfate
MED1163,Salbutamol
MED1164,Sulfadoxine/Pyriméthamine
MED1165,Tinidazole
MED1166,Vitamine B complexe
MED1167,Zinc sulfate (éq. Zinc)
MED1168,Canule de Guédel (ou de Mayo)
MED1169,Canule de Guédel (ou de Mayo)
MED117,"Hydrocortizone butyrate 0,1%, 30g  (Crème)"
MED1170,Canule de Guédel (ou de Mayo)
MED1171,Canule de Guédel (ou de Mayo)
MED1172,Canule de Guédel (ou de Mayo)
MED1173,Canule de Guédel (ou de Mayo)
MED1174,Gel de transmission pour échographie
MED1175,Tablier chirurgical
MED1176,Masque chirurgical
MED1177,Bassin réniforme (haricot)
MED1178,Otoscope
MED1179,Débitmètre de Pointe (Peak-Flow)
MED118,"Isoconazole 1% + diflucortolone 0,1% (duoskin), 15"
MED1180,Chambre d'inhalation
MED1181,Sphygmanomètre (Tensiomètre) adulte
MED1182,Sphygmanomètre (Tensiomètre) enfant
MED1183,"Stéthoscope, infirmier"
MED1184,"Stéthoscope, clinicien"
MED1185,Stéthoscope obstétrical de Pinard
MED1186,Garrot
MED1187,Tambour pour stérilisation
MED1188,Davier (dentaire)
MED1189,Davier (dentaire)
MED119,"Isotrétinoine 0.05%, 30g (Gel)"
MED1190,Davier (dentaire)
MED1191,Davier (dentaire)
MED1192,Davier (dentaire)
MED1193,Davier (dentaire)
MED1194,Davier (dentaire)
MED1195,Pince hémostatique de Kocher
MED1196,Pince hémostatique de Kocher
MED1197,Pince hémostatique de Kocher
MED1198,Pince hémostatique de Kocher
MED1199,Pince hémostatique de Péan
MED12,Miconazole gel oral 40g (Gel)
MED120,"Ketoconazole (kinazol), 100ml (Shampoing)"
MED1200,Pince hémostatique de Péan
MED1201,Pince porte-aiguille de Baby-Crile-Wood
MED1202,Pince porte-aiguille de Heaney
MED1203,Pince porte-aiguille de Mayo-Hegar
MED1204,Pince porte-aiguille de Mayo-Hegar
MED1205,Spéculum vaginal de Sims
MED1206,Manche de bistouri
MED1207,Manche de bistouri
MED1208,Manche de bistouri
MED1209,Manche de bistouri
MED121,Ketoconazole 15g (Crème)
MED1210,Manche de bistouri
MED1211,Lame de bistouri
MED1212,Lame de bistouri
MED1213,"Ciseaux chirurgicaux, à pansements"
MED1214,Ciseaux chirurgicaux
MED1215,"Spéculum vaginal de Collin, pour vierge"
MED1216,"Spéculum vaginal de Collin, standard"
MED1217,Cassette pour film de radiologie
MED1218,Cassette pour film de radiologie
MED1219,Cassette pour film de radiologie
MED122,"Meladinine 0,1%, 24ml (Solution)"
MED1220,Cassette pour film de radiologie
MED1221,Cassette pour film de radiologie
MED1222,Cadre de suspension pour film de radiologie
MED1223,Cadre de suspension pour film de radiologie
MED1224,Cadre de suspension pour film de radiologie
MED1225,Cadre de suspension pour film de radiologie
MED1226,Cadre de suspension pour film de radiologie
MED1227,Poche à entérostomie/colostomie
MED1228,Poche à urine
MED1229,"Sonde vésicale (Nélaton), standard"
MED123,Méphénésine 10%/nicotinate de méthyle 1% (decontra
MED1230,"Sonde vésicale (Nélaton), standard"
MED1231,"Sonde vésicale (Nélaton), courte"
MED1232,"Sonde vésicale (Nélaton), courte"
MED1233,Sonde vésicale à ballonnet (Foley)
MED1234,Sonde vésicale à ballonnet (Foley)
MED1235,Sonde vésicale à ballonnet (Foley)
MED1236,Sonde vésicale à ballonnet (Foley)
MED1237,Sonde vésicale à ballonnet (Foley)
MED1238,Sonde vésicale à ballonnet (Foley)
MED1239,Sonde vésicale à ballonnet (Foley)
MED124,Cefazoline 1g* (Pdre pour sol. injectable)
MED1240,Drain de Delbet (lame ondulée)
MED1241,"Drain thoracique, avec trocart"
MED1242,"Drain thoracique, avec trocart"
MED1243,"Drain thoracique, avec trocart"
MED1244,"Drain thoracique, avec trocart"
MED1245,"Drain thoracique, avec trocart"
MED1246,"Drainage Redon, complet"
MED1247,"Drainage Redon, complet"
MED1248,"Drainage Redon, complet"
MED1249,Sonde naso-gastrique (Levin)
MED125,Methyl salicylate + mentol + camphre + essences (b
MED1250,Sonde naso-gastrique (Levin)
MED1251,Sonde naso-gastrique (Levin)
MED1252,Sonde naso-gastrique (Levin)
MED1253,Sonde d'aspiration
MED1254,Sonde d'aspiration
MED1255,Sonde d'aspiration
MED1256,Sonde d'aspiration
MED1257,Bande crêpe (Velpeau)
MED1258,Bage de gaze
MED1259,Bande plâtrée
MED126,"Methyle prédnisolone 2,5mg + néomycine 2,5mg par m"
MED1260,Bande plâtrée
MED1261,Bande plâtrée
MED1262,Bande tricot (Jersey)
MED1263,Bande tricot (Jersey)
MED1264,Bande tricot (Jersey)
MED1265,Bande tricot (Jersey)
MED1266,"Compresse, Tulle gras"
MED1267,Compresse de gaze
MED1268,Coton hydrophile
MED1269,Gaze hydrophile
MED127,"Métronidazole 1% + povidone iodine 10%, 15g  (Crèm"
MED1270,Sparadrap (rouleau adhésif)
MED1271,Sparadrap (rouleau adhésif)
MED1272,Sparadrap (rouleau adhésif)
MED1273,Sparadrap (rouleau adhésif)
MED1274,Sparadrap (rouleau adhésif)
MED1275,Fil pour Cordon ombilical
MED1276,Poche à sang
MED1277,Poche à sang
MED1278,Cathéter IV
MED1279,Cathéter IV
MED128,"Muconazole 2% (daktarin), 30g (Crème)"
MED1280,Cathéter IV
MED1281,Cathéter IV
MED1282,Cathéter IV
MED1283,Aiguille
MED1284,Aiguille
MED1285,Aiguille
MED1286,Aiguille
MED1287,Aiguille à ponction lombaire (Quincke Babcock)
MED1288,Aiguille à ponction lombaire (Quincke Babcock)
MED1289,Aiguille à ponction lombaire (Quincke Babcock)
MED129,Muconazole 20mg + hydrocortisone 10mg/g  (daktacor
MED1290,Aiguille à ponction lombaire (Quincke Babcock)
MED1291,Aiguille à ponction lombaire (Quincke Babcock)
MED1292,Aiguille à ponction lombaire (Quincke Babcock)
MED1293,Aiguille épicrânienne à ailettes (microperfuseur)
MED1294,Aiguille épicrânienne à ailettes (microperfuseur)
MED1295,Transfuseur
MED1296,Perfuseur Y
MED1297,Seringue autoblocante
MED1298,Seringue autoblocante
MED1299,Seringue de gavage
MED13,"Amoxicilline 125mg/5ml, 100ml (Pdre pour sp orale)"
MED130,"Mupirocine 2%, 15g (Crème)"
MED1300,Seringue de gavage
MED1301,Seringue de gavage
MED1302,Seringue
MED1303,Seringue
MED1304,Seringue
MED1305,Seringue
MED1306,Seringue à insuline
MED1307,Ethanol dénaturé
MED1308,"Giemsa, solution pour coloration"
MED1309,"Kit Gram Hucker, bactériologie (RAL)"
MED131,Néomycine sulphate 5mg + bacitracine 500ui/g (neoc
MED1310,Chlorhydrique acide
MED1311,"Lugol, solution pour coloration de Gram"
MED1312,Méthanol
MED1313,Huile à immersion
MED1314,Eau distillée
MED1315,Sachet plastique pour conditionnement médicaments
MED1316,Préservatif masculin
MED1317,Préservatif féminin
MED1318,Abaisse langue
MED1319,Gant d'examen
MED132,Nitrate d’argent  (Crayon)
MED1320,Gant d'examen
MED1321,Gant d'examen
MED1322,Gants gynécologiques
MED1323,Gants gynécologiques
MED1324,Gants gynécologiques
MED1325,Gants de protection
MED1326,Gants de protection
MED1327,Gants de protection
MED1328,Gants de protection
MED1329,Gants de ménage
MED133,Nystatine 100 000ui/g (Pommade)
MED1330,Gants chirurgicaux
MED1331,Gants chirurgicaux
MED1332,Gants chirurgicaux
MED1333,Gants chirurgicaux
MED1334,Dispositif intra-utérin (stérilet)
MED1335,Thermomètre électronique
MED1336,"Suture résorbable (PGA), avec aiguille"
MED1337,"Suture non résorbable (polyamide), avec aiguille"
MED1338,"Suture non résorbable (polyamide), avec aiguille"
MED1339,"Suture non résorbable (polyamide), avec aiguille"
MED134,"Oxytétracycline 3%, 30g (Crème)"
MED1340,"Révélateur radiologie, pour développement manuel"
MED1341,"Révélateur radiologie, pour machine automatique"
MED1342,Film pour radiographie
MED1343,Film pour radiographie
MED1344,Film pour radiographie
MED1345,Film pour radiographie
MED1346,Film pour radiographie
MED1347,Film pour radiographie
MED1348,Film pour radiographie
MED1349,Film pour radiographie
MED135,Cefadroxil 500mg (Comprimé)
MED1350,Film pour radiographie
MED1351,Film pour radiographie
MED1352,"Fixateur radiologie, pour développement manuel"
MED136,"Perméthrine 5%, 59ml (Lotion/crème)"
MED137,"Peroxyde de benzoyle 5%, 40g  (Crème)"
MED138,"Podophilline à 1%, 100ml (Solution)"
MED139,"Pommade camphrée 10%, 50g (Pommade)"
MED14,Nystatine 1000000ui* (Dragée)
MED140,"Pommade icthiolée, 50g (Pommade)"
MED141,"Prométhazine 2%, 50g* (Crème)"
MED142,Savon monganga bébé (Savon)
MED143,Savon samu 140g (Savon)
MED144,Selenium sulfure 2% (Champooing)
MED145,Selenium sulfure 2% (Suspension)
MED146,Cefixime 100mg/5ml  (Pdre pour sp orale)
MED147,"Sertaconazole 2% (dermofix), 20g*  (Crème)"
MED148,Térbinafine eg 1% (Crème)
MED149,"Thiosulfate de sodium solution à 20%, 100ml (Solut"
MED15,Nystatine 100000ui (Sp orale)
MED150,"Topicrème visage, 500ml (Lotion)"
MED151,Topicrème lait hydratant corps 500ml (Lait)
MED152,"Tretinoine 0,01%, 60g  (Crème)"
MED153,"Tritinoine 0,025% + erythromycine 4%, 25ml  (Solut"
MED154,"Vaséline blanche, 50g (Pommade)"
MED155,"Beclométhazone (beconase) 50mcg, 200 pulvérisation"
MED156,"Betaméthazone sodium phosphate 0,1% + néomycine su"
MED157,Cefixime 200mg (Comprimé)
MED158,Budésonide 64 µg   (Sol. pulvérisation nasale)
MED159,"Ciprofloxacin 0.2 %, 5ml  (Sol. gouttes ophtalmiqu"
MED16,Nystatine 500000ui (Dragée)
MED160,"Ciprofloxacin 0.3% + dexaméthazone 0.1%, 5ml (Sol."
MED161,"Dimethindene maléate 2,5mg + phényléphrine 2,5mg ("
MED162,Fluticasone (avamys) 27.5 µg  (Sol. pulvérisation 
MED163,"Glycérine phénique 2%, 20ml  (Sol. gouttes auricul"
MED164,Mometasone furoate (nasonex) 50mcg*  (Sol. pulvéri
MED165,"Montelukast 0,01% (Sol. pulvérisation nasale)"
MED166,"Ofloxacine 3%, 5ml (Sol. gouttes auriculaires et o"
MED167,"Oximethazoline ad. 0,1% (clarinez), 10ml (Sol. gou"
MED168,Cefixime 400mg* (Comprimé)
MED169,"Oximethazoline enf. 0,05% (clarinez), 10ml (Sol. g"
MED17,Terbinafine (terbinol) 250mg (Comprimé)
MED170,"Protéinate d’argent (argyrol)  0,5 %, 10ml (Sol. g"
MED171,"Protéinate d’argent (argyrol) 1%, 10ml (Sol. goutt"
MED172,"Solution physiologique (locale), 15ml  (Solution g"
MED173,"Solution physiologique (sterimar baby), 150doses ("
MED174,Terbinafine (terbinol) 1% 30ml (Aérosol)
MED175,Triamcinolone 0.055 mg spray (Aérosol)
MED176,Xylène (cerulyx) (Sol. gouttes auriculaires)
MED177,Albendazole 400mg (Comprimé)
MED178,Albendazole 200mg/5ml (Sp orale)
MED179,"Cefotaxime, 1g (Pdre pour sol injectable)"
MED18,Acide folinique 15mg  (Comprimé)
MED180,Diétylcarbamazine 50mg* (Comprimé)
MED181,Ivermectine 6mcg (Comprimé)
MED182,Mebendazole (vermox) 100mg (Comprimé)
MED183,Mebendazole (vermox) 500mg (Comprimé)
MED184,Mebendazole (vermox) 100mg /5ml (Sp orale)
MED185,Niclozamide 500mg (Comprimé)
MED186,Praziquentel 500mg (Comprimé  sécable)
MED187,"Digoxine 50mcg/ml, 100ml (Sol.orale)"
MED188,"Digoxine 0,25mg (Comprimé)"
MED189,"Digoxine 0,5mg/2ml (Sol. injectable)"
MED19,Cyclophosphamide 500mg (Pdre pour sol. inj)
MED190,Ceftriaxone 1g + tazobactam 125mg (Pdre pour sol i
MED191,"Digoxine 5mcg/0,1ml  (Sol. orale, gouttes)"
MED192,Furosémide 10mg/ml (Sol. injectable)
MED193,Furosémide 20mg/5ml (Sol orale)
MED194,Furosémide 40mg (Comprimé)
MED195,Hydrochlorothiazide 25mg (Comprimé)
MED196,"Indapamide 2,5mg (Comprimé)"
MED197,Spironolactone 100mg* (Aldactone) (Comprimé)
MED198,Spironolactone 25mg (Aldactone) (Comprimé)
MED199,Spironolactone 50mg (Aldactone) (Comprimé)
MED2,"Amoxicilline 500mg + acide clavulanique 62,2 mg (C"
MED20,"Méthotrexate, 50mg/2ml (Pdre pour sol. injectable)"
MED200,Amiodarone 100mg (Comprimé)
MED201,"Ceftriaxone, 1g (Pdre pour sol injectable)"
MED202,Amiodarone 200mg (Comprimé)
MED203,"Amiodarone 50mg/ml,  (Sol. injectable)"
MED204,Disopyramide (rythmodan) 100mg (Gélule)
MED205,Atenolol 100mg (Comprimé)
MED206,Aténolol 50mg (Comprimé)
MED207,"Bisoprolol 1,5mg (Comprimé)"
MED208,"Carvedilol 6,25mg (Comprimé)"
MED209,Propranolol 1mg/ml (Sol. injectable)
MED21,"Tamoxifène (citrate), 10mg  (Comprimé)"
MED210,Propranolol 40mg (Comprimé)
MED211,Captopril 25mg (Comprimé)
MED212,"Cefuroxime sp, 125mg/5ml, 100ml* (Sol. injectable)"
MED213,Clonidine 150mcg/ml (Sol. injectable)
MED214,Clonidine 50mg (Comprimé)
MED215,Dihydralazine 25mg (Comprimé)
MED216,Enalapril 5mg (Comprimé)
MED217,Hydralazine 20mg (Pdre pour sol. injectable)
MED218,"Losartan 100 + hydrochlorothiazide 12,5mg (Comprim"
MED219,Losartan 25mg (Comprime)
MED22,"Tamoxifène (citrate), 20mg (Comprimé)"
MED220,"Losartan 50mg + hydrochlorothiazide 12,5mg (Compri"
MED221,Périndopril 10mg (coveram)* (Comprimé)
MED222,"Telmisartan 80mg + hydrochlorothiazide 12,5mg (tel"
MED223,Amikacine 500mg (Sol. injectable)
MED224,"Cefuroxime sp, 250mg/5ml, 100ml (Sol. injectable)"
MED225,Telmisartan 80mg + hydrochlorothiazide 25mg (teles
MED226,"Isosorbide dinitrate  5mg, (Comprimé)"
MED227,"Isosorbide dinitrate, 10mg (Comprime)"
MED228,"Isosorbide, dinitrates (cedocard retard), 20mg (Co"
MED229,Nitroglycérine 500cg (Comprimé sublinguale)
MED23,Vincristine 1mg/1ml (Pdre pour sol. injectable)
MED230,Amlodipine 10mg (Comprimé)
MED231,Amlodipine 5mg (Comprimé)
MED232,Nicardipine 10mg/10ml (Sol. injectable)
MED233,Nicardipine 20mg* (Comprimé)
MED234,Nifédipine 10mg (Comprimé)
MED235,"Cefuroxime, 250mg (Comprimé)"
MED236,Nifédipine retard 20mg (Comprimé)
MED237,Phytosterols+ omega-3+ lycopene + a-acide lipoique
MED238,Trimétazidine (vasterel) 20mg (Comprimé)
MED239,Dobutamine 250mg/50ml (Sol. injectable)
MED24,"Amoxicilline 250mg/5ml, 100ml  (Pdre pour sp orale"
MED240,Dopamine 40mg/5ml (Sol. injectable)
MED241,Ephédrine hcl 30mg/ml (Sol. injectable)
MED242,Noradrénaline 4mg (Sol. injectable)
MED243,Noradrénaline 8mg/ml (Sol. injectable)
MED244,Etiléfrine chlorhydrate (effortil) 5mg (Comprimé)
MED245,Acénocoumarol (sintrom) 4mg (Comprimé)
MED246,"Cefuroxime, 500mg (Comprimé)"
MED247,"Enoxaparine 40mg/ml, amp. (Sol. injectable)"
MED248,"Enoxaparine 60mg/ml, amp. (Sol. injectable)"
MED249,"Enoxaparine sodium 100mg/ml, amp (Sol. injectable)"
MED25,"Vincristine, 2mg/2ml (Pdre pour sol. injectable)"
MED250,Acide acétyle salicylique (aspirine) 100mg (Compri
MED251,Acide acétyle salicylique (aspirine) 75mg (Comprim
MED252,Clopidogrel (agguplax) 75mg (Comprimé)
MED253,"Acide tranexamique (kaiyosan, exacyl) 500mg/5ml  ("
MED254,Acide tranexamique 500mg (exacyl)  (Solution buvab
MED255,Etamsylate (dycinone) 500mg (Comprimé)
MED256,Etamysylate (dycinone) 250mg/2ml (Sol. injectable)
MED257,Ciprofloxacin*   (Sp orale)
MED258,Atorvastatine (lolip) 10mg* (Comprimé)
MED259,Simvastatine 10mg (Comprimé)
MED26,Immunoglobuline anti d 1500 UI/2ml (injection)
MED260,Simvastatine 20mg (Comprimé)
MED261,Flavonoïque purifiée micronisée (daflon)  (Comprim
MED262,Acide aminés essentiels + multivitamines et oligoé
MED263,Acide aminés essentiels + multivitamines et oligoe
MED264,Acide aminés essentiels + vitamines c et (astymine
MED265,Acide ascorbique (vitamine C) 500mg (Sol. injectab
MED266,Acide ascorbique (vitamine C) 50mg/5ml (Suspension
MED267,Acide ascorbique (vitamine C) 500mg (Pastille)
MED268,Ciprofloxacine 500mg (Comprimé)
MED269,Acide folique 5mg (Comprimé)
MED27,"Vaccin antirabique, 1ml (So. injectable)"
MED270,Bromhydrate du glutamate de magnésium + acide ?-am
MED271,Bromhydrate du glutamate de magnésium + acide ?-am
MED272,Citidine 5’-monophosphate disodique + uridine 5’tr
MED273,Cyanocobalamine (vitamine b12) (Sol. injectable)
MED274,Darbepoetin alfa 100mcg/ml ou epoetin alfa 6000 un
MED275,Fer + acide folique (fefol) (Comprimé)
MED276,Fer + acide folique + vitamine c (ferdrop) (Soluti
MED277,Fer + manganèse + cuivre (tot’hema) (Sp. orale)
MED278,Fer + manganèse + cuivre (tot’hema) (Sol. injectab
MED279,"Ciprofloxacine 2mg/ml, 100ml (Infusion iv)"
MED28,Sérum antitétanique 1500 unités (Sol. injectable)
MED280,Lait thérapeutique 0 à 6 mois  (lait F-75) (Pdre)
MED281,Lait thérapeutique 0 à 12 mois  (lait F-75) (Pdre)
MED282,Hémoglobine b12 (Sp orale)
MED283,Ménadione sodium phosphate10mg (Gélule)
MED284,Méthylcobalamine + ?- acide linoléique + a-acide l
MED285,Mulitivitamines + sels minéraux (oligocare)  (Gélu
MED286,Mulitivitamines + sels minéraux (ovacare)  (Gélule
MED287,Omega 3 (fortaline)  (Solution orale)
MED288,Omega 3 (fortaline) (Comprimé)
MED289,Phytoménadione (vitamine K1) 200mg (Sol. injectabl
MED29,Vaccin anti hépatite b 40 mcg/ml (Sol. injectable)
MED290,"Clarythromycine 125mg/5ml, 100ml* (Pdre pour sp or"
MED291,Pyridoxine 100mg (Comprimé)
MED292,Pyridoxine 100mg/2ml (Sol. injectable)
MED293,Thiamine (vitamine b1) 50mg (Comprimé)
MED294,Thiamine (vitamine b1) 50mg/ml (Sol. injectable)
MED295,Vitamine a (rétinol) 100000ui (Capsule)
MED296,Vitamine b complex  (Comprimé)
MED297,Vitamine b complex  (Sol. injectable)
MED298,Vitamine b1 50mg + vitamine b6 50mg + cyanocobalam
MED299,Vitamine b9 +  iode + vitamine d3 + omega dha + vi
MED3,Fluconazole 200mg (Gélule)
MED30,"Vaccin méningococcique, 0,5ml (Sol. injectable)"
MED300,Vitamine d + calcium (cal-d) (Comprimé)
MED301,"Clarythromycine, 250mg (Comprimé)"
MED302,Vitamines + sels minéraux + antioxydants (lynevit)
MED303,Vitamines + sels minéraux + antioxydants (lynevit)
MED304,Multivitamines (prenatal dma)  (Capsule)
MED305,Omega 3 + fer + acide folique + autres vitamines e
MED306,Halothane 250ml (Liquide volatil)
MED307,Isoflurane 30mg/ml (Liquide volatil)
MED308,Kétamine 50mg/ml (Sol. injectable)
MED309,"Midazolam 1mg/ml, 5ml (Sol. injectable)"
MED31,"Vaccin pneumo 23, 0,5ml (Sol. injectable)"
MED310,Propofol 10mg/ml (Sp. injectable)
MED311,Propofol 20mg/ml (Sp. injectable)
MED312,"Clarythromycine, 250mg/5ml* (Pdre pour sp orale)"
MED313,Suxaméthonium 50mg/ml (Sol. injectable)
MED314,Thiopental sodique 500mg et 1g (Pdre pour sol. inj
MED315,Vécuronium 10mg /ml (Sol. injectable)
MED316,"Bupivacaine pour rachianesthésie 0,5% (Sol. inject"
MED317,Lidocaine + adrénaline 2% (Sol. injectable)
MED318,Lidocaine 2% (Sol. injectable)
MED319,"Néostigmine 0,5mg/ml (Sol. injectable)"
MED32,"Vaccin anti hpv, 0,5ml (Sol. injectable)"
MED320,"Oxygène, cylindre (Gaz)"
MED321,Paracétamol 500mg + ibuprofène 400mg (anaflam) (Co
MED322,"Paracétamol + ibuprofène (anaflam, brufen), 100ml "
MED323,"Clarythromycine, 500mg (Comprimé)"
MED324,Paracétamol + vitamine c (Comprimé efferv.)
MED325,Paracétamol + vitamine c (Sp. orale)
MED326,Paracétamol 500mg (Comprimé)
MED327,Paracétamol 150mg/ml  (Sol. injectable)
MED328,"Paracétamol sp, 240mg/5ml, 100ml (Sp. orale)"
MED329,Paracétamol suppo bébé (Suppositoire)
MED33,Artéméther 120mg + lumefandrine 1080mg (Comprimé)
MED330,Paracétamol suppo enfant (Suppositoire)
MED331,Fentanyl 100mcg/2ml (Sol. injectable)
MED332,Morphine 100mg* (Comprimé)
MED333,Morphine 10mg (Comprimé)
MED334,Amoxicilline  500mg (Gélule)
MED335,"Clindamycine 150mg/5ml, 100ml (Pdre pour sp orale)"
MED336,Morphine 10mg/ml (Sol. injectable)
MED337,Tramadol 100mg (Comprimé)
MED338,Tramadol 50mg (Comprimé)
MED339,"Tramadol inj, 50mg/ml (Sol injectable)"
MED34,Artesunate 120mg* (Pdre pour sol. injectable)
MED340,"Tramadol 37,5mg + paracétamol 325mg (antalgex) (Co"
MED341,Codéine 30mg + paracétamol 500mg (Comprimé)
MED342,Péthidine 100mcg (So. injectable)
MED343,Diclofenac 100mg (Suppositoire)
MED344,Diclofenac 75mg/3ml (Sol. injectable)
MED345,"Aceclofenac, 100mg  (Comprimé)"
MED346,Clindamycine 300mg (Comprimé)
MED347,Ibuprofène 200mg (Suppositoire)
MED348,Ibuprofène + codéine (Comprimé)
MED349,Ibuprofène 200mg (spedifen) (Comprimé)
MED35,Ampicilline  1g  (Pdre pour sol. injectable)
MED350,Ibuprofène 400mg (spedifen) (Comprimé)
MED351,"Ibuprofène sp, 100mg/5ml (Sol. injectable)"
MED352,Ketoprofène (profenid) 50mg (Comprimé)
MED353,Piroxicam (feldene) 10mg (Comprimé)
MED354,Proxicam (feldene) 20mg (Suppositoire)
MED355,Allopyrinol (zyloric) 150mg (Comprimé)
MED356,Allopyrinol (zyloric) 300mg (Comprimé)
MED357,Clindamycine 300mg/ml (Pdre pour sol injectable)
MED358,Colchicine 1mg (Comprimé)
MED359,Mephénesine (decontractyl) 250mg (Comprimé)
MED36,Artesunate 30mg* (Pdre pour sol. injectable)
MED360,Thiocolchicoside (coltramyl)* 4mg (Comprimé)
MED361,Cinnarizine (stugeron) 25mg (Comprimé)
MED362,Citirizine 10mg (Comprimé)
MED363,Citirizine 1mg/ml (cetrimax) (Sp. orale)
MED364,Desloratadine* 5mg  (Sp. orale)
MED365,"Desloratadine* 0,5mg/ml  (Comprimé)"
MED366,"Dimetindène maléate (fenistil) 0,1%  (Sol. orale/g"
MED367,"Clindamycine, 600mg/5ml, 100ml (Pdre pour sol inje"
MED368,Loratadine  1mg/ml (Sp. orale)
MED369,Prométhazine 5mg/5ml (Sp orale)
MED37,Artesunate 60mg (Pdre pour sol. injectable)
MED370,Promethazine 50mg/2ml (Sol. injectable)
MED371,Montelukast (zopex) 10mg (Comprimé)
MED372,Salbutamol (ventolin) 100mcg (Aérosol)
MED373,"Salbutamol (ventolin) 0,5mg/ml (Sol. injectable)"
MED374,Cloxacilline 1g (Pdre pour sol injectable)
MED375,Carbocystéine sp (fluditec) 2%  (Sirop)
MED376,"Pholcodine 80mg + chlorphéniramine 13,3mg/150ml (b"
MED377,Cotrimoxazole 480mg (Bactrim) (Comprimé)
MED378,Zolpiderm (stilnoct) 5mg* (Comprimé)
MED379,Bromazepam (lexotan) 3mg (Comprimé)
MED38,Arthéméther 180mg + lumefantrine 1080mg/60ml (Ceth
MED380,Clomipramine (anafranil) 25mg (Comprimé)
MED381,Fluoxétine 20mg (prozac) (Comprimé)
MED382,"Halopéridol 5mg/ml, 1ml (Sol. injectable)"
MED383,"Chlorpromazine 25mg/ml, 2ml (largactil) (Sol. inje"
MED384,Betahistine (betaserc) 8mg (Comprimé)
MED385,Trihexyphénidyle 2mg hcl (Comprimé)
MED386,Clonazepam  (rivotril) 1mg/ml  (Sol. injectable)
MED387,Diazepam 10mg (Comprimé)
MED388,Gabapantin 300mg (Comprimé)
MED389,Phénobarbital 30mg (Comprimé)
MED39,Quinine 100mg/5ml (Sp orale)
MED390,Phénobarbital 100mg (Comprimé)
MED391,Phénytoine 100mg (Comprimé)
MED392,Phénytoine 50mg (Comprimé)
MED393,Valproate sodique (depakine)  200mg (Capsule orale
MED394,"Cotrimoxazole sp, 240mg/5ml (Bactrim), 100ml (Sp o"
MED395,Citicoline (5'-cytidine diphosphate choline) 500mg
MED396,Butyl hyoscine bromure (buscopam) 20mg/ml (Sol. in
MED397,"Papavérine 0,03%  (Sol. injectable)"
MED398,"Phloroglycinol 40mg + trimethylphloroglycinol  0,0"
MED399,Phloroglycinol 80mg + trimethylphloroglycinol 80mg
MED4,Fluconazole 2mg/ml (Infusion iv)
MED40,Quinine 20% (Sol. buvable/ gouttes)
MED400,Phloroglycinol 80mg + trimethylphloroglycinol 80mg
MED401,"Trimébutine (debridat) enf, 4,8mg/ml. (Sp orale)"
MED402,Amoxicilline 125mg + acide clavulanique 31.25 mg/5
MED403,Ranitidine 150mg/10ml (Sp orale)
MED404,"Sucralphate (sucralfil) 1g/5ml, 100ml (Sp. orale)"
MED405,Cimétidine 200mg (Sol. injectable)
MED406,"Esomeprazole, 20mg (Comprimé)"
MED407,Omeprazole 20mg + dompéridone 10mg (Prazol D) (Com
MED408,Doxicycline 200mg (Gélule)
MED409,Omeprazole 20mg (Comprimé)
MED41,Quinine 300mg (Comprimé)
MED410,Omeprazole 20mg + clarithromycine 250mg + tinidazo
MED411,Lopéramide 2mg (Comprimé)
MED412,Sels de réhydratation orale (SRO)  (Poudre)
MED413,Zinc sulfate 20mg (Comprimé)
MED414,Flucloxacilline 125mg/5ml (Pdre pour sp orale)
MED415,Zinc sulfate 10mg/5ml (Sp. orale)
MED416,Bisacodyl 5mg (dlcolax) (Comprimé)
MED417,Bisacodyl (dulcolax) 10mg (Suppositoire)
MED418,Lactulose (duphalac) 200ml (Sol. orale)
MED419,Lactulose (duphalac) sol 15ml (Sol. orale)
MED42,Quinine 500mg (Comprimé)
MED420,Macrogol (forlax) sachet (Sp orale)
MED421,Macrogol (forlax) sp (Sp orale)
MED422,Sorbitol (microlax) (Microlavement)
MED423,Dompéridone (motilium) 10mg (Comprimé)
MED424,Dompéridone (motilium) 1mg/ml (Sol. orale)
MED425,Flucloxacilline 250mg/5ml (Pdre por sp orale)
MED426,Metopimazine (vogalene) gtttes (Sol. orale)
MED427,Ondansétron 2mg/ml (anset) (Sol. injectable)
MED428,Ondansétron 2mg/5ml (anset) (Sp. orale)
MED429,Ondansétron 4mg (anset) (Suppositoire)
MED43,Quinine 600mg/2ml  (Sol. injectable)
MED430,Antihémorrhoidaire (Suppositoire)
MED431,Antihémorroidaire (Crème)
MED432,Titanoréine  (Suppositoire)
MED433,Veintonex 480mg (Comprimé)
MED434,"Acide ursodéoxycholique  (urdox), 300mg  (Comprimé"
MED435,Pancréatine (pancrex) 5g (Granules)
MED436,Flucloxacilline 500mg (Gélule)
MED437,"Adrénaline 1mg/ml, iv/im (Sol. injectable)"
MED438,"Atropine 1mg /ml, 1ml (Sol. injectable)"
MED439,"Calcium gluconate 10%, 10ml (Sol. injectable)"
MED44,Sulfadoxine/pyriméthamine 500mg/25ml  (Comprimé)
MED440,Charbon actif 200mg (Comprimé)
MED441,"Ephédrine 30mg/ml, 1ml (Sol. injectable)"
MED442,"Mannitol 20%, 100ml (Sol. injectable)"
MED443,N-acétylcystéine  (Comprimé)
MED444,"Naloxone 0,4mg/ml 1ml (Sol. injectable)"
MED445,"Sérum antivenimeux, 10ml (Sol. injectable)"
MED446,Ocytocine  (Sol. injectable)
MED447,Gentamycine 40mg/ml (Sol injectable)
MED448,Mifepristone 200mcg (Comprimé)
MED449,Ergometrine 200mcg (Comprimé)
MED45,Métronidazole 250mg (Comprimé)
MED450,"17ß-oestradiol 0.06% w/w (oestrogel), 30g (Crème)"
MED451,"Acide lactique + extraits naturels (gynokleen, lav"
MED452,Azithromycine + fluconazole + secnidazole (triokit
MED453,Clindamycine 100mg + clotrimazole 100mg + metronid
MED454,Clotrimazole (gogynax) (Ovule)
MED455,Métronidazole 500mg (Ovule)
MED456,Muconazole (gynodactarin) 1200mg (Oule)
MED457,Muconazole (gynodactarin) 2%  (Crème)
MED458,Meropeneme 500mg* (Pdre pour sol injectable)
MED459,Néomycine + nystatine + hydrocortisone + polymixin
MED46,Ampicilline 500mg*  (Pdre pour sol. injectable)
MED460,Néomycine 35000ui + polymixine b 35000ui + nystati
MED461,Néomycine 35000ui + polymixine b 35000ui + nystati
MED462,"Nystatine, 100000 ui (Ovule)"
MED463,Bêta-oestradiol 1mg + dydrogestérone 5mg (climasto
MED464,Dydrogestérone (duphaston)   (Comprimé)
MED465,Nomegestrol (lutenyl) 10mg (Comprimé)
MED466,Oestradiol benzoate  (Comprimé)
MED467,Oestradiol benzoate (Sol. injectable)
MED468,Progestérone  (Sol. injectable)
MED469,Métronidazole 250mg (Comprimé)
MED47,Métronidazole 500mg (Comprimé)
MED470,Progestérone (progestogel)  (Crème)
MED471,Progestérone micronisé (utrogestan) 100mg (Ovule)
MED472,"Progestérone micronisé (utrogestan) 100mg,  (Compr"
MED473,Progestérone (progestogel)  (Crème)
MED474,Progestérone micronisé (utrogestan) 100mg (Ovule)
MED475,Lynestrénol (orgametril) 5mg   (Comprimé)
MED476,"Alfuzosin (xatral), 10mg (Comprimé)"
MED477,Tamsulosine 400mcg  (Gélule)
MED478,"Dutastéride (avodart) 0,5mg (Gélule)"
MED479,"Oxybutinine (ditropan) 2,5mg  (Comprimé)"
MED48,Tinidazole 500mg (Comprimé)
MED480,"Métronidazole 5%, 100ml (Infusion iv)"
MED481,Sildénafil 50mg (Comprimé)
MED482,Hommex (extraits des plantes) (Gélule)
MED483,Dapoxétine chlorhydrate (ejutard) 30mg  (Comprimé)
MED484,Clomifène (clomid) 50mg  (Comprime)
MED485,Cefam (extraits des plantes) (Gélule)
MED486,Bromocriptine (parlodel) (Comprimé)
MED487,"Glibenclamide 2,5mg (daonil) (Comprimé)"
MED488,"Glibenclamide, 5mg (daonil) (Comprimé)"
MED489,Gliclazide 40mg* (Comprimé)
MED49,Abacavir  300mg (Comprimé)
MED490,Glimepiride (amarel) (Comprimé)
MED491,"Métronidazole 125mg/5ml, 100ml (Pdre pour sp orale"
MED492,Glucagon 1mg/ml  (Sol. injectable)
MED493,Insuline mixte (Sol. injectable)
MED494,Insuline rapide 100ui/ml (Sol. injectable)
MED495,Insuline retard 100ui/ml (Sol. injectable)
MED496,Metformine 500mg (Comprimé)
MED497,Metformine 850mg (Comprimé)
MED498,"Iode ioduré (lugol) 5%, 100ml (Solution)"
MED499,"Lévothyroxine 0,1mg (Comprimé)"
MED5,Fluconazole 50mg/5ml (Sol. orale)
MED50,Abacavir 20mg/5ml (Sol. orale)
MED500,Carbimazole 5mg (Comprimé)
MED501,Bétaméthazone 2mg (celestene) (Comprimé)
MED502,Amoxicilline 1g + acide clavulanique 200mg (Pdre p
MED503,"Métronidazole  250mg/5ml, 100ml (Pdre pour sp orle"
MED504,Bétaméthazone  (celestene) (Sol. orale/ gouttes)
MED505,"Dexaméthazone 0,5mg (Comprimé)"
MED506,"Dexaméthazone 4mg/ml, 2ml (Sol. injectable)"
MED507,Hydrocortizone 100mg (Pdre pour sol. injectable)
MED508,Prédnisolone 5mg (Comprimé)
MED509,Triamcinolone (kenacort) 40mg (Sp. injectable)
MED51,Acyclovir 200mg  (Comprimé)
MED510,Triamcinolone (kenacort) 80mg (Sp. injectable)
MED511,Glucosamine sulfate + chondroitin sulfate + vitami
MED512,Glucosamine sulfate + chondroitin sulfate (cartil 
MED513,Acétazolamide (Comprimé)
MED514,Nitrofurantoine 100mg (Comprimé)
MED515,Acyclovir  (Pommade)
MED516,Acyclovir 3%  (Collyre)
MED517,Anhydrase carbonique  (Sol. injectable)
MED518,"Atropine (sulfate) 0.50%, 1% (Collyre)"
MED519,Chromoglycate de sodium (CROMSOL 2% sol.) (Collyre
MED52,Acyclovir 250mg (Pdre pour sol. injectable)
MED520,"Ciprofloxacine 0,3% (Collyre)"
MED521,Ciprofloxacin + dexaméthazone (Cifin DX) (Collyre)
MED522,Correctol (Collyre)
MED523,Dexaméthasone + tobramycine    (Collyre)
MED524,"Dexamethazone + néomycine + polymixine (maxidrol,)"
MED525,Piperaciline 4g* (Pdre pour sol. injectable)
MED526,Dexaméthazone 5mg/néomycine 17500ui  (Collyre)
MED527,"Diclofenac 0,1%, 5ml  (Collyre)"
MED528,Fluorescéine 2%  (Bandelettes)
MED529,Gentamycine 0.3% (Collyre)
MED53,Didanosine 200mg (Gélule)
MED530,Indométhacine 0.1%  (Collyre)
MED531,Méthyle cellulose (Collyre)
MED532,Naaxia  (Collyre)
MED533,Oxytétracaine hydrochloride 0.5% (Pommade ophta.)
MED534,Phénylephrine hydrochloride 2.5% (Collyre)
MED535,Pilocarpine nitrate 2% (Collyre)
MED536,Pénicilline benzathine  1.2 mui* (Pdre pour sp inj
MED537,Povidone iodine 5% (Collyre)
MED538,"Prédnisolone 0,5%  (Collyre)"
MED539,Rifamycine 1% (Collyre)
MED54,Didanosine 400mg (Gélule)
MED540,Timoptol maléate 0.25% et 0.5% (Collyre)
MED541,"Tropicamide 0,5% (Collyre)"
MED542,Vit b12 (Collyre)
MED543,Xalatan  (Collyre)
MED544,"Bicarbonate de sodium 8,5% (Sol. injectable)"
MED545,"Chlorure de potassium 10%, 10ml (Sol. injectable)"
MED546,Chlorure de potassium 600mg (Comprimé lp)
MED547,"Pénicilline benzathine  2,4 mui  (Pdre pour sp inj"
MED548,"Chlorure de sodium 0,9% iv, 500ml (Infusion iv)"
MED549,"Chlorure de sodium sol iv amp, 10ml (Sol. injectab"
MED55,Efavirenz 100mg (Gélule)
MED550,"Dextrose 10% iv (serum glucose), 500ml (Infusion i"
MED551,"Dextrose 5% iv (serum glucose), 250ml (Infusion iv"
MED552,"Dextrose 5% iv (serum glucose), 500ml (Infusion iv"
MED553,"Dextrose 50% iv (serum glucose), 100ml (Infusion i"
MED554,"Eau distillée stérile pour injection, 10ml, fl (Am"
MED555,"Gélatine/polygéline (haemacel) solution 3,5% iv, 5"
MED556,"Lactate de ringer iv, 500ml (Infusion iv) - RL"
MED557,Sels de réhydratation orale (SRO) (Pdre)
MED558,"Pénicilline g, benzyle pénicilline 1000000ui* (Pdr"
MED559,"Alcool dénaturé 70%, 1ltre (Sol. à usage externe)"
MED56,Efavirenz 200mg (Gélule)
MED560,"Alcool dénaturé 70%, 500ml (Sol. à usage externe)"
MED561,"Cétrimide 15% + chlorhéxidine 1,5%, 1ltre (Sol. à "
MED562,Chlore/cloramine t 1g (Comprimé pour sol. désinfec
MED563,"Chlorhéxidine 5%, 1ltre (Sol. à usage externe)"
MED564,"Créoline concentrée, 1ltre (Sol. pour désinfection"
MED565,Formaldéhyde cp (Comprime pour désinfection)
MED566,"Formaldéhyde solution 35 38%, 1ltre (Sol. pour dés"
MED567,"Peroxyde d’hydrogène 6%, 200ml (Sol à usage extern"
MED568,"Polyvidone iodé 10%, 1ltre (Sol. à usage externe)"
MED569,"Pénicilline g, benzyle pénicilline 500000ui (Pdre "
MED57,"Azithromycine 200mg/5ml, 100ml (Poudre pour sp ora"
MED570,"Savon liquide, 1ltre (Sol à usage externe)"
MED571,acide bêta-glycyrrhétique 60mg  (chlorure de d'aqu
MED572,Aiguille dentaire g27 et g 30 (Pièce)
MED573,Alvéogyl (Pièce)
MED574,Amalgame capsules (Capsule)
MED575,Arcs d’immobilisation (Pièce)
MED576,"Ares d’immobilisation, pce (Pièce)"
MED577,Bicarbonate de sodium 100g (Pdre)
MED578,Boulettes d’ouate (Boulette)
MED579,Brockitter pour orthodontie (Pièce)
MED58,Efavirenz 300mg (Comprimé)
MED580,"Pénicilline v,  phénoxyméthyle pénicilline  250 mg"
MED581,Carpule anesthésique 2% + adrénaline (Sol. injecta
MED582,Carpule anesthésique sans  vaso dilatateur (lidoca
MED583,"Chloréxidine gluconate 0,20% p/v (hextril, mentril"
MED584,Ciment endométhasone
MED585,Ciment polycarboxylate (liquide + poudre)
MED586,Composite photopolymérisante
MED587,Cône de gutta percha
MED588,Cônes à papier
MED589,Détartrine 
MED59,Efavirenz 50mg (Gélule)
MED590,Eugenol solution (Solution)
MED591,"Pénicilline v,  phénoxyméthyle pénicilline  250mg/"
MED592,Film dentaire rx (Pièce)
MED593,Fils d’immobilisation (Pièce)
MED594,Fils inox pour immobilisation dentaire (Pièce)
MED595,"Fils wire / hard 1400 …1600n/gmm ? 0,7 mm /0,28"" 3"
MED596,Gélatine sponges (dentaire) (eponges hémostatiques
MED597,Hydroxyde de calcium 500g (Poudre)
MED598,Ionomère de verre (Pièce)
MED599,Lidocaïne  (Aérosol)
MED6,"Flucytosine 2,5 g/ml (Infusion iv)"
MED60,Efavirenz 600mg (Comprimé)
MED600,Lidocaïne spray (Aérosol)
MED601,Lidocaïne  (Gel)
MED602,"Pénicillinev,  phénoxyméthyle pénicilline 125mg/5m"
MED603,Listérine sol. 100ml (Solution)
MED604,Oxyde de zinc 100g (Poudre)
MED605,Pulpéryl (Pièce)
MED606,Résine acrylic  autopolymérisante  (Pièce)
MED607,Résine acrylic autopolymérisante (poudre et liquid
MED608,Rochler’4 (Pièce)
MED609,Sensodyne rapide (Pate)
MED61,Emtricitabine 200mg + ténofovir 300mg (Comprimé)
MED610,"Acide urique liquide, 125ml"
MED611,"Gpt (alat) liquide, 240 + 60ml"
MED612,"Albumine, 125ml"
MED613,Amoxicilline 250mg* (Gélule)
MED614,Piperacilline 4g + tozobactam 500mg (Pdre pour sol
MED615,"Amylase test, 2ml"
MED616,"Analyse urinaire 10 parametres, tests"
MED617,Got (asat) liquide 240 + 60ml 
MED618,"Antistrptolysine-0 (aslo) latex, test"
MED619,"Bilirubine totale et directe, 125ml"
MED62,Indinavir 100mg (Comprimé)
MED620,"Calcium-monoreactif, 125ml"
MED621,Cellule hématimètre de new bauer 
MED622,"Chlore, 125ml"
MED623,"Cholestérol total, 125ml"
MED624,"Cleaner, 1ltre "
MED625,Spéctinomycine 2g* (Pdre pour sol. injectable)
MED626,"Columbia agar, 500g"
MED627,"Créatinine, 125ml"
MED628,"C-reactive proteine (crp),  test "
MED629,D-dimer test kit
MED63,Indinavir 200mg (Comprimé)
MED630,"Diluant pour hémogramme, 20l"
MED631,Écouvillon stérile 
MED632,Œstradiol test
MED633,"Facteur rhumatoïde, test"
MED634,Fsh test
MED635,"Gamma gt liquide, 240 + 60ml"
MED636,Ceftazidime 1g* (Pdre pour sol. injectable)
MED637,"Garot, piece"
MED638,"Gelose nutritive, 500g"
MED639,"Giemsa mere, 100ml "
MED64,Indinavir 333mg (Comprimé)
MED640,Glucomètre code free 
MED641,Glucose liquide
MED642,Gonorrhea test
MED643,Groupage sanguin test kit
MED644,Hba1c turbidimetrie 30 + 10ml
MED645,Hepatite b test determine rapide (hbsag)
MED646,Hépatite c test determine rapide
MED647,"Erythromycine 125mg, 100ml* (Pdre pour sp orale)"
MED648,Hdl-cholestérol 120 + 40ml
MED649,Hiv-détermine test
MED65,Indinavir 400mg (Comprimé)
MED650,"Kovac’s ragent, 30ml"
MED651,"Lamelles couvre object, 22x22mm"
MED652,"Lame porte objet, 76x26mm "
MED653,Ldl-cholestérol 120 + 40ml
MED654,"Lh, test"
MED655,"Lipase, 10ml"
MED656,Lipides totaux 125ml
MED657,"Lyser, 1 l"
MED658,Erythromycine 250mg (Comprimé)
MED659,Microalbumine test rapide
MED66,Lamivudine 300mg + abacavir 600 mg (Comprimé)
MED660,"Mac conkey agar, 500g"
MED661,"Magnesium-monoreactif, 125ml"
MED662,"Manitol solt agar, 500g"
MED663,Micropipette 5-100µl
MED664,Micropipette 100-1000µl
MED665,"Milieu de cult soya been, 500g"
MED666,"Mulleir hunkton, 500g"
MED667,Nitrient agar 500g
MED668,"Oestrogene, test"
MED669,"Erythromycine 250mg, 100ml (Pdre pour sp orale)"
MED67,Lamivudine 300mg + didanosine 250mg + éfavirenz 60
MED670,"Papier thermal pour spectro, 57mm x 40mm"
MED671,"Phosphore, 125ml"
MED672,"Pipette pasteur, 1ml, usage unique"
MED673,"Pipette pasteur, 3ml, usage unique"
MED674,"Potassium, 50ml"
MED675,"Progesterne, test"
MED676,"Prolactine, test"
MED677,"Proteines totales, 125ml"
MED678,"Psa, test"
MED679,"Rubeolla, test"
MED68,Azythromycine 250mg (Comprimé)
MED680,Fucidate sodique 250mg (Comprimé)
MED681,"Salmonella shigela agar, 500g"
MED682,"Sodium, 60ml"
MED683,"Tdr malaria, piece"
MED684,"Rapide chlamydia, test"
MED685,"Rapide h.pylori, test"
MED686,"Rapide siphylis, test"
MED687,Test d’ovulation
MED688,Testosterone
MED689,Tests de grossesse
MED69,Lamivudine 50mg/5ml (Sol. orale)
MED690,Toxoplasmose test
MED691,Fucidate sodique 500mg* (Infusion iv)
MED692,"Triglyceride liquide, 125ml"
MED693,Troponine test kit 
MED694,Tube conique 15ml et 50ml
MED695,Tubes vacutainere sans edta
MED696,Tube vacutainere avec edta
MED697,"Uree liquide, 160 + 40ml"
MED698,Widal test kit (ag-0 et ag-h)
MED699,Boite d hystérosalpingographie (Pièce)
MED7,Flucytosine 250mg (Gélule)
MED70,Lamivudine 60mg + abacavir 30mg  (Comprimé)
MED700,Cassette rx  avec écran no 35x43cm (Pièce)
MED701,Cassette rx avec écran no 24x30cm  (Pièce)
MED702,Levofloxacin 500mg  (Comprimé)
MED703,"Cassette rx avec écran no 30x40cm, pce (Pièce)"
MED704,"Cassette rx avec écran no 35x35cm, pce (Pièce)"
MED705,"Développeur rx, 2kg (Poudre)"
MED706,Film rx  no 35x43cm (Pièce)
MED707,Film rx no 24x30cm (Pièce)
MED708,Film rx no 30x40cm (Pièce)
MED709,Film rx no 35x35cm (Pièce)
MED71,Lopinavir 100mg + ritonavir 25mg (Comprimé)
MED710,"Fixateur rx, 2,5kg (Poudre)"
MED711,"Gastrographine sol, 100ml (Solution)"
MED712,"Gel échographique, 250ml (Gel)"
MED713,Levofloxacin 500mg/100ml (Infusion iv)
MED714,"Iopamigita, 370mg/ml (Solution)"
MED715,"Micropaque (sulfate de barium pour rx), 1kg (Poudr"
MED716,Oxytalamate de méglumine (telebrix) (Solution)
MED717,"Papier thermal pour ecg, 57mm x 40mm, rouleau (Piè"
MED718,"Papier thermal moyen pour échographie type v, upp-"
MED719,"Abaisse langue en bois, 18 x 140 mm (Pièce)"
MED72,Lopinavir 200mg + ritonavir 50mg (Comprimé)
MED720,Aiguille à ponction lombaire g25 (Pièce)
MED721,"Aiguille cathéter iv g16 (1,7x55mm), avec site d’i"
MED722,"Aiguille cathéter iv g18 (1,2x45mm, avec site d’in"
MED723,"Aiguille cathéter iv g20 (1.0x32mm), avec site d’i"
MED724,"Amoxicilline 250mg + acide clavulanique 62,5mg/5ml"
MED725,Meropénème + cilastatine* (Pdre pour sol injectabl
MED726,"Aiguille cathéter iv g22, avec site d’injection (P"
MED727,"Aiguille cathéter iv g24 (0.7x19mm, avec site d’in"
MED728,"Attèle métallique de browne, 14,8cm  (Pièce)"
MED729,"Attèle métallique de kramer, 80cm x 10cm (Pièce)"
MED73,Lopinavir 80mg + ritonavir 20mg/5ml (Sol. orale)
MED730,Attelle de zimmer/doigt
MED731,Attèle de zimmer/genou (Pièce)
MED732,Bande cambrique 10cmx4m (Rouleau)
MED733,Bande de velpeau 10x4m (Rouleau)
MED734,Bande élastique 10cmx4m (Rouleau)
MED735,Bande plâtrée 10cm (Pièce)
MED736,Meropénème 1g* (Pdre pour sol injectable)
MED737,"Bande plâtrée 15 cmx2,7m (Pièce)"
MED738,"Bande plâtrée 20 cmx2,7m (Pièce)"
MED739,Biberon 140ml (Pièce)
MED74,Névirapine 200mg (Comprimé)
MED740,Canule rectale heltis line      double contraste a
MED741,"Compresse abdominale stérile, 10 x 10cm (Pièce)"
MED742,Coton hydrophile 500g (Rouleau)
MED743,"Dain lamellaire stérile, latex, 25cm (Pièce)"
MED744,"Drain lamellaire stérile, latex, 45cm (Pièce)"
MED745,"Drain thoracique avec trocar, stérile ch12, 39cm ("
MED746,"Drain thoracique avec trocar, stérile ch24, 39cm ("
MED747,Norfloxacin 200mg + metronidazole 200mg (normegyl)
MED748,"Drain thoracique avec trocar, stérile, ch28, 39cm "
MED749,"Drain thoracique avec trocar, stérile, ch32, 39cm "
MED75,Névirapine 50mg (Comprimé)
MED750,"Drain tubulaire stérile, latex, 25cm (Pièce)"
MED751,"Drain tubulaire stérile, latex, 45cm (Pièce)"
MED752,Emballage en plastique pour médicament 6 x 10cm (P
MED753,"Ficelle ombilicale en coton, 100m (Rouleau)"
MED754,Gants chirurgicaux latex stériles no 6 (Paire)
MED755,"Gants chirurgicaux latex stériles no 7,5 (Paire)"
MED756,Gants chirurgicaux latex stériles no 8 (Paire)
MED757,"Gant d’examen non stérile, plastique, moyen, avec "
MED758,Norfloxacin 100mg + metronidazole 100mg/5ml (norme
MED759,"Gaze hydrophile/compresse non stérile, 90cmx91m   "
MED76,Névirapine 50mg/ml (Sol. orale)
MED760,Lame de bistouri numéro 11  (Pièce)
MED761,Lame de bistouri numéro 22 (Pièce)
MED762,Masques chirurgicaux à usage unique (Pièce)
MED763,Minerves cervicales (différentes tailles) (Pièce)
MED764,Pampers adulte (Pièce)
MED765,Pampers enfant (Pièce)
MED766,Pampers bébé (Pièce)
MED767,Réceptacle (Pièce)
MED768,Sac à colostomie jetable (Pièce)
MED769,Ofloxacin 200mg + ornidazole 500mg (Comprimé)
MED77,Saquinavir 200mg (Comprimé)
MED770,Sac à urine 500ml avec valve antiretour et vidange
MED771,"Sac à urine stérile, 1,5/2l avec valve antiretour "
MED772,"Seringue luer, 10ml + aig. g21, usage unique (Pièc"
MED773,"Seringue luer, 2 ml + aig. g23, usage unique (Pièc"
MED774,"Seringue de gavage en plastique, 50-60ml, embout l"
MED775,"Seringue luer, 5ml + aig, g21 (Pièce)"
MED776,"Sonde naso-gasrique avec embout conique, 80cm, ch1"
MED777,"Sonde naso-gastrique avec embout conique, 125cm, c"
MED778,"Sonde naso-gastrique avec embout conique, 125cm, c"
MED779,"Sonde naso-gastrique avec embout conique, 125cm, c"
MED78,Saquinavir 500mg (Gélule)
MED780,"Ofloxacin 200mg + ornidazole 500mg, 60ml (Pdre pou"
MED781,"Sonde naso-gastrique avec embout conique, 125cm, c"
MED782,"Sonde naso-gastrique avec embout conique, 40cm, ch"
MED783,"Sonde naso-gastrique avec embout conique 40cm, ch6"
MED784,"Sonde vésicale foley, 2 voies, ballonnet, stérile,"
MED785,"Sonde vésicale foley, 2 voies, ballonnet, stérile,"
MED786,"Sonde vésicale foley, 2 voies, ballonnet, stérile,"
MED787,"Sonde vésicale foley, 2 voies, ballonnet, stérile,"
MED788,"Sonde vésicale foley, 2 voies, ballonnet, stérile,"
MED789,"Sonde vésicale foley, 2 voies, ballonnet, stérile,"
MED79,Azythromycine 500mg (Comprimé)
MED790,"Sonde vésicale foley, 2 voies, ballonnet, stérile,"
MED791,"Ofloxacin 200mg + ornidazole 500mg, 100ml  (Infusi"
MED792,"Sonde vésicale foley, 2 voies, ballonnet, stérile "
MED793,"Sonde vésicale foley, 2 voies, ballonnet, stérile,"
MED794,"Sonde vésicale foley, 3 voies, ballonnet, stérile,"
MED795,"Sonde vésicale foley, 3 voies ballonnet, stérile, "
MED796,"Sonde vésicale foley, 3 voies, ballonnet, stérile,"
MED797,"Sonde vésicale foley, 3 voies, ballonnet, stérile,"
MED798,"Sonde vésicale foley, 3 trois voies, ballonnet, st"
MED799,"Sonde vésicale foley, 3 trois voies, ballonnet, st"
MED8,Griséofulvine 125mg* (Comprimé)
MED80,Ténofovir  300mg + lamivudine 300mg + éfavirenz 60
MED800,"Sonde vésicale foley, 3 trois voies, ballonnet, st"
MED801,"Sonde vésicale foley, 3 trois voies, ballonnet, st"
MED802,"Ornidazole 500mg, 100ml*  (Infusion iv)"
MED803,Sparadrap perforé 18cm x 5m (Pièce)
MED804,"Stéthoscope clinicien, double face (Pièce)"
MED805,"Stokinette médicale, 15cm   x 25m  (Pièce)"
MED806,"Stokinette médicale, 5cm x 23m (Pièce)"
MED807,"Suture acide polyglycolique tressée 75cm, sertie, "
MED808,"Suture acide polyglycolique tressée 75cm,  sertie "
MED809,"Suture acide polyglycolique tressée  75cm, sertie "
MED81,Ténofovir 10mg/ml (Infusion iv)
MED810,"Suture acide polyglycolique tressée 75cm, sertie a"
MED811,"Suture acide polyglycolique tressée, sertie avec a"
MED812,"Suture acide polyglycolique tressée 75cm, sertie a"
MED813,"Ornidazole, 500mg* (Comprimé)"
MED814,"Suture acide polyglycolique tressée 75cm, sertie a"
MED815,"Suture nylon monofil., 75cm, sertie avec aig tranc"
MED816,"Suture nylon monofil, 75cm,  sertie avec aig tranc"
MED817,"Suture nylon monofil., 75cm, sertie avec aig tranc"
MED818,"Suture nylon monofil. 75cm, sertie avec aig tranch"
MED819,"Suture nylon monofil. 75cm, sertie avec aig tranch"
MED82,Tenofovir 245mg base (Comprimé)
MED820,"Suture nylon monofil. 75cm, sertie avec aig tranch"
MED821,"Suture nylon monofil. 75cm, sertie avec aig tranch"
MED822,Tensioplaste  10cm x 4m (Pièce)
MED823,Thermomètre digital (Pièce)
MED824,"Spiramycine (rovamycine), 1,5mi (Comprimé pellicul"
MED825,Trousse de perfusion avec tuyau d’échappement de l
MED826,Trousse de perfusion pédiatrique avec tuyau d’écha
MED827,Valve anti reflux pour drain thoracique (Pièce)
MED828,"Chlorhéxidine gluconate 0,20% P/V (Hextril ou alhe"
MED829,Shaltoux
MED83,Ténofovir 300mg + emtricitabine 200mg + éfavirenz 
MED830,Sparet (goutte)
MED831,Tétracycline (pde ophtalmique)
MED832,Vaseline médicale
MED833,Amoxicilline 500mg + acide clavulanique 50mg (Pdre
MED834,"Spiramycine (rovamycine), 3mi (Comprimé pelliculé)"
MED835,Vancomycine (sandoz) 125mg (Gelules)
MED836,Vancomycine (sandoz) 1g (Pdre pour sol injectable)
MED837,Cefépime 1g + tazobactam 125mg (Pdre pour sol. inj
MED838,Cefépime 1g* (Pdre pour sol. injectable)
MED839,Ceftaroline 600mg* (Pdre pour sol. injectable)
MED84,Zidovudine 100mg (Capsule)
MED840,Amphotéricine b 50mg (Pdre pour sol. injectable)
MED841,Amphotericine b 250mg (Gélule)
MED842,"Amphotericine b 10%, 40ml  (Pdre pour sp orale)"
MED843,Fluconazole 150mg (Gélule)
MED844,"Moustiquaire imprégnée, longue durée (LLIN)"
MED845,"Moustiquaire imprégnée, longue durée (LLIN)"
MED846,"Moustiquaire imprégnée, longue durée (LLIN)"
MED847,"Moustiquaire imprégnée, longue durée (LLIN)"
MED848,Abacavir
MED849,Abacavir
MED85,Zidovudine 300mg (Comprimé)
MED850,Abacavir
MED851,Abacavir
MED852,Abacavir/Lamivudine
MED853,Abacavir/Lamivudine
MED854,Adefovir
MED855,Amprenavir
MED856,Atazanavir/Ritonavir
MED857,Atazanavir
MED858,Atazanavir
MED859,Atazanavir
MED86,Zidovudine 300mg + lamivudine 150mg + abacavir 300
MED860,Atazanavir
MED861,Cobicistat
MED862,Darunavir
MED863,Darunavir
MED864,Darunavir
MED865,Delavirdine
MED866,Didanosine
MED867,Didanosine
MED868,Didanosine
MED869,Didanosine
MED87,Zidovudine 300mg + lamivudine 150mg + névirapine 2
MED870,Didanosine
MED871,Didanosine
MED872,Didanosine
MED873,Didanosine
MED874,Didanosine
MED875,Didanosine
MED876,Dolutegravir
MED877,Efavirenz
MED878,Efavirenz
MED879,Efavirenz
MED88,Zidovudine 50mg/5ml (Sol. orale)
MED880,Efavirenz
MED881,Efavirenz
MED882,Efavirenz
MED883,Efavirenz
MED884,Elvitegravir
MED885,Emtricitabine
MED886,Emtricitabine
MED887,Enfuvirtide
MED888,Etravirine
MED889,Fosamprenavir
MED89,"Acide acétyle salicylique 0,2g + acide borique 1,5"
MED890,Fosamprenavir
MED891,Indinavir
MED892,Lamivudine
MED893,Lamivudine
MED894,Lamivudine
MED895,Lamivudine
MED896,Lopinavir/Ritonavir
MED897,Lopinavir/Ritonavir
MED898,Lopinavir/Ritonavir
MED899,Stavudine/Lamivudine/Névirapine
MED9,Griséofulvine 125mg/5ml (Sol. orale)
MED90,Cefalexine 500mg  (Capsule)
MED900,Stavudine/Lamivudine/Névirapine
MED901,Stavudine/Lamivudine/Névirapine
MED902,Stavudine/Lamivudine
MED903,Stavudine/Lamivudine
MED904,Stavudine/Lamivudine
MED905,Zidovudine/Lamivudine/Abacavir
MED906,Stavudine/Lamivudine + Efavirenz
MED907,Zidovudine/Lamivudine/Névirapine
MED908,Zidovudine/Lamivudine/Névirapine
MED909,Maraviroc
MED91,Acide benzoïque 6%  + acide salicylique 3% (white 
MED910,Maraviroc
MED911,MK-2048
MED912,Nelfinavir mésylate
MED913,Nelfinavir mésylate
MED914,Névirapine
MED915,Névirapine
MED916,Névirapine
MED917,Névirapine
MED918,Névirapine
MED919,Tenofovir/Emtricitabine/Elvitegravir/Cobicistat
MED92,Acide salicylique 100g (Savon)
MED920,Raltegravir
MED921,Rilpivirine
MED922,Ritonavir
MED923,Ritonavir
MED924,Ritonavir
MED925,Ritonavir
MED926,Saquinavir
MED927,Saquinavir
MED928,Stavudine
MED929,Stavudine
MED93,"Acide salicylique 2%, 50g (Pommade)"
MED930,Stavudine
MED931,Stavudine
MED932,Stavudine
MED933,Tenofovir/Emtricitabine/Efavirenz
MED934,Tenofovir/Emtricitabine
MED935,Tenofovir/Lamivudine
MED936,Tenofovir/Lamivudine/Efavirenz
MED937,Tenofovir/Lamivudine + Nevirapine
MED938,Tenofovir Disoproxil Fumarate
MED939,Tipranavir
MED94,"Acide salicylique 2%, 50ml (Solution)"
MED940,Tenofovir/Lamivudine + Atazanavir + Ritonavir
MED941,Tenofovir/Lamivudine/Rilpivirine
MED942,Zalcitabine
MED943,Zidovudine
MED944,Zidovudine
MED945,Zidovudine
MED946,Zidovudine
MED947,Zidovudine
MED948,Zidovudine
MED949,Zidovudine
MED95,"Acide salicylique 6,54 % + diéthylamine 3,46 % + m"
MED950,Zidovudine/Lamivudine
MED951,Zidovudine/Lamivudine
MED952,Zidovudine/Lamivudine + Efavirenz
MED953,"Test de groupage sanguin, Anti-A"
MED954,"Test de groupage sanguin, Anti-AB"
MED955,"Test de groupage sanguin, Anti-B"
MED956,"Test de groupage sanguin, Rhésus (Anti-D)"
MED957,Test VIH 1+2 (SD-Bioline)
MED958,Test VIH 1+2 (DoubleCheck)
MED959,Test VIH 1+2 (Determine)
MED96,"Acyclovir 5%, 10g (Crème)"
MED960,Test VIH 1+2 (Elisa)
MED961,"Test VIH 1+2 (Elisa), Enzygnost"
MED962,"Test VIH 1+2 (Elisa), Vironostika Uniform II plus "
MED963,Test VIH 1+2 (ImmunoFlow)
MED964,Test VIH 1+2 (Uni-Gold)
MED965,Test Malaria (Paracheck Pf)
MED966,"Test Malaria, HRP-2 (SD Bioline)"
MED967,"Test Malaria, HRP-2/pan pLDH (SD Bioline)"
MED968,"Test Malaria, HRP-2 (CareStart)"
MED969,Test de grossesse (RST/hCG)
MED97,"Banzalkonium 0,5g + digluconate de chlorhéxidine 0"
MED970,"Test Syphylis, RPR (réaction au charbon, VDRL)"
MED971,Test Syphylis (SD-Bioline 3.0)
MED972,Tuberculine
MED973,"Test urinaire, Glucose"
MED974,"Test urinaire, Protéines"
MED975,Chlorhexidine
MED976,Polyvidone iodée
MED977,Gentamycine
MED978,Tétracycline
MED979,Benzoïque acide + Salicylique acide
MED98,Baume de nerf 130ml (Crème)
MED980,Benzyle benzoate
MED981,Clotrimazole
MED982,Clotrimazole
MED983,Cotrimoxazole
MED984,Métronidazole
MED985,Miconazole nitrate
MED986,Nystatine
MED987,Nystatine
MED988,Podophylline
MED989,Podophyllotoxine
MED99,"Benzoate de benzyle 25%, 125ml(Lotion)"
MED990,Glucose (Dextrose)
MED991,Mannitol
MED992,Polygéline (Haemaccel)
MED993,Ringer lactate (Solution de Hartmann)
MED994,Sodium chlorure
MED995,Aminophylline
MED996,Ampicilline
MED997,Atropine
MED998,"Bupivacaïne (hyperbare, rachianesthésie)"
MED999,Calcium gluconate
